{
  "yield_strength": {
    "model_type": "random_forest",
    "target_property": "yield_strength",
    "train_samples": 4220,
    "test_samples": 1055,
    "n_features": 21,
    "train_mse": 0.15108209460983812,
    "train_rmse": 0.3886928023643326,
    "train_mae": 0.0872118609003277,
    "train_r2": 0.997466232598193,
    "test_mse": 1.5649980884894459,
    "test_rmse": 1.2509988363261757,
    "test_mae": 0.12530092936145967,
    "test_r2": 0.9799573296322914,
    "target_mean": 218.65171300684565,
    "target_std": 7.721881389222193,
    "target_min": 154.0,
    "target_max": 362.0,
    "feature_importance": {
      "zinc": 0.0002883917257043508,
      "magnesium": 0.4391647905088838,
      "aluminum": 0.0,
      "copper": 2.1400152372385757e-06,
      "silver": 2.3848890734140817e-06,
      "elem_Li": 0.0,
      "elem_RE": 0.0,
      "elem_Cu": 0.0,
      "elem_Zr": 1.8576217098815723e-06,
      "elem_Gd": 9.517551898985224e-15,
      "elem_Ca": 0.0005084355411060665,
      "elem_Y": 0.5600256940630952,
      "elem_Ti": 0.0,
      "elem_Mn": 0.0,
      "elem_RE (Er, Dy, Ho)": 0.0,
      "melting_temperature": 6.305635180594767e-06,
      "annealing_temperature": 0.0,
      "aging_temperature": 0.0,
      "aging_time": 0.0,
      "casting_method_encoded": 0.0,
      "grain_size": 0.0
    },
    "top_features": [
      [
        "elem_Y",
        0.5600256940630952
      ],
      [
        "magnesium",
        0.4391647905088838
      ],
      [
        "elem_Ca",
        0.0005084355411060665
      ],
      [
        "zinc",
        0.0002883917257043508
      ],
      [
        "melting_temperature",
        6.305635180594767e-06
      ],
      [
        "silver",
        2.3848890734140817e-06
      ],
      [
        "copper",
        2.1400152372385757e-06
      ],
      [
        "elem_Zr",
        1.8576217098815723e-06
      ],
      [
        "elem_Gd",
        9.517551898985224e-15
      ],
      [
        "aluminum",
        0.0
      ]
    ]
  },
  "elongation": {
    "model_type": "random_forest",
    "target_property": "elongation",
    "train_samples": 4220,
    "test_samples": 1055,
    "n_features": 21,
    "train_mse": 0.023951016811099058,
    "train_rmse": 0.15476116053809838,
    "train_mae": 0.04091482096380034,
    "train_r2": 0.997335734243454,
    "test_mse": 3.0406067174042315,
    "test_rmse": 1.7437335568842596,
    "test_mae": 0.09606230703336258,
    "test_r2": 0.7839800846684066,
    "target_mean": 64.27371543610413,
    "target_std": 2.9982870317774735,
    "target_min": 1.1,
    "target_max": 82.2,
    "feature_importance": {
      "zinc": 0.041068984462559854,
      "magnesium": 0.3516464923687827,
      "aluminum": 0.0,
      "copper": 0.1324833258005593,
      "silver": 2.6995474995579086e-06,
      "elem_Li": 0.0,
      "elem_RE": 0.0,
      "elem_Cu": 0.0,
      "elem_Zr": 2.9409472795474918e-06,
      "elem_Gd": 0.12228946160834384,
      "elem_Ca": 0.0007024565404997071,
      "elem_Y": 0.35179499326682434,
      "elem_Ti": 0.0,
      "elem_Mn": 0.0,
      "elem_RE (Er, Dy, Ho)": 0.0,
      "melting_temperature": 8.645457651100594e-06,
      "annealing_temperature": 0.0,
      "aging_temperature": 0.0,
      "aging_time": 0.0,
      "casting_method_encoded": 0.0,
      "grain_size": 0.0
    },
    "top_features": [
      [
        "elem_Y",
        0.35179499326682434
      ],
      [
        "magnesium",
        0.3516464923687827
      ],
      [
        "copper",
        0.1324833258005593
      ],
      [
        "elem_Gd",
        0.12228946160834384
      ],
      [
        "zinc",
        0.041068984462559854
      ],
      [
        "elem_Ca",
        0.0007024565404997071
      ],
      [
        "melting_temperature",
        8.645457651100594e-06
      ],
      [
        "elem_Zr",
        2.9409472795474918e-06
      ],
      [
        "silver",
        2.6995474995579086e-06
      ],
      [
        "aluminum",
        0.0
      ]
    ]
  },
  "hardness": {
    "model_type": "random_forest",
    "target_property": "hardness",
    "train_samples": 4220,
    "test_samples": 1055,
    "n_features": 21,
    "train_mse": 0.4659540200929859,
    "train_rmse": 0.6826082478940508,
    "train_mae": 0.04253186919456959,
    "train_r2": 0.4184602811248057,
    "test_mse": 1.4415745866559275,
    "test_rmse": 1.2006558985221067,
    "test_mae": 0.06953687592116506,
    "test_r2": 0.49540960994799454,
    "target_mean": 91.11018393041886,
    "target_std": 0.8951211945822151,
    "target_min": 90.94,
    "target_max": 145.0,
    "feature_importance": {
      "zinc": 0.5230466918302416,
      "magnesium": 0.04905045726362499,
      "aluminum": 0.0,
      "copper": 0.2066869708131965,
      "silver": 1.862453005634098e-05,
      "elem_Li": 0.0,
      "elem_RE": 0.0,
      "elem_Cu": 0.0,
      "elem_Zr": 3.176418622544853e-05,
      "elem_Gd": 0.19736423648022014,
      "elem_Ca": 0.016081437376597185,
      "elem_Y": 0.007517481701812818,
      "elem_Ti": 0.0,
      "elem_Mn": 0.0,
      "elem_RE (Er, Dy, Ho)": 0.0,
      "melting_temperature": 0.0002023358180249629,
      "annealing_temperature": 0.0,
      "aging_temperature": 0.0,
      "aging_time": 0.0,
      "casting_method_encoded": 0.0,
      "grain_size": 0.0
    },
    "top_features": [
      [
        "zinc",
        0.5230466918302416
      ],
      [
        "copper",
        0.2066869708131965
      ],
      [
        "elem_Gd",
        0.19736423648022014
      ],
      [
        "magnesium",
        0.04905045726362499
      ],
      [
        "elem_Ca",
        0.016081437376597185
      ],
      [
        "elem_Y",
        0.007517481701812818
      ],
      [
        "melting_temperature",
        0.0002023358180249629
      ],
      [
        "elem_Zr",
        3.176418622544853e-05
      ],
      [
        "silver",
        1.862453005634098e-05
      ],
      [
        "aluminum",
        0.0
      ]
    ]
  }
}